github_org,github_stars,github_link
microsoft,2675837,https://github.com/microsoft
google,1843929,https://github.com/google
apache,1086313,https://github.com/apache
facebook,953071,https://github.com/facebook
alibaba,756334,https://github.com/alibaba
facebookresearch,678528,https://github.com/facebookresearch
vuejs,595735,https://github.com/vuejs
Tencent,482366,https://github.com/Tencent
tensorflow,471244,https://github.com/tensorflow
openai,466047,https://github.com/openai
freeCodeCamp,447782,https://github.com/freeCodeCamp
github,427608,https://github.com/github
dotnet,392647,https://github.com/dotnet
vercel,391539,https://github.com/vercel
airbnb,373479,https://github.com/airbnb
TheAlgorithms,372298,https://github.com/TheAlgorithms
facebookarchive,364058,https://github.com/facebookarchive
fossasia,356872,https://github.com/fossasia
symfony,342356,https://github.com/symfony
huggingface,340631,https://github.com/huggingface
EbookFoundation,321752,https://github.com/EbookFoundation
rust-lang,313500,https://github.com/rust-lang
angular,297667,https://github.com/angular
hashicorp,296689,https://github.com/hashicorp
apple,293540,https://github.com/apple
square,291202,https://github.com/square
mozilla,276692,https://github.com/mozilla
kubernetes,271703,https://github.com/kubernetes
NVIDIA,238220,https://github.com/NVIDIA
shadowsocks,237397,https://github.com/shadowsocks
flutter,228694,https://github.com/flutter
golang,227226,https://github.com/golang
Netflix,223510,https://github.com/Netflix
nodejs,216820,https://github.com/nodejs
twbs,212803,https://github.com/twbs
aws,210448,https://github.com/aws
Azure,209498,https://github.com/Azure
elastic,205876,https://github.com/elastic
laravel,201285,https://github.com/laravel
twitter,200731,https://github.com/twitter
spring-projects,200575,https://github.com/spring-projects
PacktPublishing,196719,https://github.com/PacktPublishing
ossu,191351,https://github.com/ossu
JetBrains,188758,https://github.com/JetBrains
pytorch,185399,https://github.com/pytorch
spatie,179638,https://github.com/spatie
GoogleCloudPlatform,174347,https://github.com/GoogleCloudPlatform
ant-design,171785,https://github.com/ant-design
ethereum,171747,https://github.com/ethereum
aws-samples,170926,https://github.com/aws-samples
docker,169666,https://github.com/docker
ohmyzsh,168734,https://github.com/ohmyzsh
electron,165005,https://github.com/electron
redis,163549,https://github.com/redis
grafana,159184,https://github.com/grafana
ReactiveX,155964,https://github.com/ReactiveX
h5bp,153677,https://github.com/h5bp
Shopify,151485,https://github.com/Shopify
reduxjs,151002,https://github.com/reduxjs
google-deepmind,149732,https://github.com/google-deepmind
awslabs,149017,https://github.com/awslabs
Unity-Technologies,147170,https://github.com/Unity-Technologies
doocs,145778,https://github.com/doocs
cloudflare,143740,https://github.com/cloudflare
NVlabs,132201,https://github.com/NVlabs
d3,130823,https://github.com/d3
thoughtbot,130037,https://github.com/thoughtbot
ytdl-org,128532,https://github.com/ytdl-org
denoland,127736,https://github.com/denoland
expressjs,122530,https://github.com/expressjs
Automattic,121476,https://github.com/Automattic
doctrine,121137,https://github.com/doctrine
tc39,120959,https://github.com/tc39
sveltejs,120202,https://github.com/sveltejs
ionic-team,119959,https://github.com/ionic-team
Homebrew,116754,https://github.com/Homebrew
jobbole,116505,https://github.com/jobbole
rails,115015,https://github.com/rails
gothinkster,112406,https://github.com/gothinkster
ElemeFE,111669,https://github.com/ElemeFE
ansible,111192,https://github.com/ansible
open-mmlab,109227,https://github.com/open-mmlab
godotengine,108479,https://github.com/godotengine
Genymobile,108441,https://github.com/Genymobile
dair-ai,106717,https://github.com/dair-ai
uber,106338,https://github.com/uber
pallets,105544,https://github.com/pallets
googlearchive,105505,https://github.com/googlearchive
reactjs,103017,https://github.com/reactjs
prometheus,102248,https://github.com/prometheus
nuxt,101465,https://github.com/nuxt
GoogleChrome,101060,https://github.com/GoogleChrome
mapbox,99237,https://github.com/mapbox
spotify,99124,https://github.com/spotify
mui,99012,https://github.com/mui
didi,97793,https://github.com/didi
OWASP,97752,https://github.com/OWASP
socketio,97212,https://github.com/socketio
jgraph,96590,https://github.com/jgraph
python,96580,https://github.com/python
fastai,96129,https://github.com/fastai
home-assistant,96088,https://github.com/home-assistant
grpc,96048,https://github.com/grpc
datawhalechina,94880,https://github.com/datawhalechina
jquery,94701,https://github.com/jquery
tauri-apps,94436,https://github.com/tauri-apps
webpack,94365,https://github.com/webpack
FormidableLabs,94217,https://github.com/FormidableLabs
Kong,93693,https://github.com/Kong
firebase,93659,https://github.com/firebase
storybookjs,92620,https://github.com/storybookjs
jenkinsci,92372,https://github.com/jenkinsci
nestjs,92228,https://github.com/nestjs
bytedance,91905,https://github.com/bytedance
IBM,91892,https://github.com/IBM
django,91620,https://github.com/django
opencv,91586,https://github.com/opencv
puppeteer,90351,https://github.com/puppeteer
neovim,90281,https://github.com/neovim
mongodb,89773,https://github.com/mongodb
bilibili,88966,https://github.com/bilibili
Yalantis,88196,https://github.com/Yalantis
moby,87188,https://github.com/moby
udacity,86286,https://github.com/udacity
atom,85855,https://github.com/atom
getsentry,85390,https://github.com/getsentry
bitcoin,84902,https://github.com/bitcoin
graphql,84790,https://github.com/graphql
jazzband,84785,https://github.com/jazzband
Hack-with-Github,84662,https://github.com/Hack-with-Github
keras-team,84142,https://github.com/keras-team
papers-we-love,83847,https://github.com/papers-we-love
plotly,83477,https://github.com/plotly
vitejs,82759,https://github.com/vitejs
FortAwesome,82046,https://github.com/FortAwesome
gin-gonic,81570,https://github.com/gin-gonic
thunlp,81247,https://github.com/thunlp
projectdiscovery,80570,https://github.com/projectdiscovery
Ramotion,79779,https://github.com/Ramotion
mtdvio,79468,https://github.com/mtdvio
pypa,78731,https://github.com/pypa
babel,78349,https://github.com/babel
prettier,78227,https://github.com/prettier
salesforce,77432,https://github.com/salesforce
gohugoio,75958,https://github.com/gohugoio
Kotlin,75807,https://github.com/Kotlin
codrops,75685,https://github.com/codrops
baidu,73858,https://github.com/baidu
encode,73669,https://github.com/encode
akveo,73647,https://github.com/akveo
serverless,73508,https://github.com/serverless
adobe,73504,https://github.com/adobe
signalapp,72884,https://github.com/signalapp
ipfs,72177,https://github.com/ipfs
thephpleague,72145,https://github.com/thephpleague
pingcap,71901,https://github.com/pingcap
adafruit,70962,https://github.com/adafruit
containers,70717,https://github.com/containers
strapi,70375,https://github.com/strapi
zsh-users,70232,https://github.com/zsh-users
ValveSoftware,70017,https://github.com/ValveSoftware
swagger-api,69490,https://github.com/swagger-api
prisma,69373,https://github.com/prisma
expo,69301,https://github.com/expo
PowerShell,69211,https://github.com/PowerShell
netdata,68966,https://github.com/netdata
tesseract-ocr,68864,https://github.com/tesseract-ocr
chartjs,68531,https://github.com/chartjs
linkedin,68515,https://github.com/linkedin
minio,67690,https://github.com/minio
realm,67435,https://github.com/realm
Semantic-Org,67109,https://github.com/Semantic-Org
moment,67088,https://github.com/moment
syncthing,66292,https://github.com/syncthing
cypress-io,65602,https://github.com/cypress-io
OpnTec,65032,https://github.com/OpnTec
gatsbyjs,64570,https://github.com/gatsbyjs
php-fig,63804,https://github.com/php-fig
dmlc,63668,https://github.com/dmlc
styled-components,63406,https://github.com/styled-components
espressif,63307,https://github.com/espressif
jekyll,63188,https://github.com/jekyll
caddyserver,62923,https://github.com/caddyserver
postcss,62789,https://github.com/postcss
Azure-Samples,62513,https://github.com/Azure-Samples
dcloudio,62299,https://github.com/dcloudio
oracle,62250,https://github.com/oracle
TryGhost,62237,https://github.com/TryGhost
lodash,62134,https://github.com/lodash
commaai,62095,https://github.com/commaai
scrapy,62019,https://github.com/scrapy
obsproject,61527,https://github.com/obsproject
rstudio,61511,https://github.com/rstudio
resume,61402,https://github.com/resume
Meituan-Dianping,61274,https://github.com/Meituan-Dianping
hoppscotch,61041,https://github.com/hoppscotch
w3c,60921,https://github.com/w3c
mattermost,60807,https://github.com/mattermost
you-dont-need,60373,https://github.com/you-dont-need
rancher,59194,https://github.com/rancher
KhronosGroup,58947,https://github.com/KhronosGroup
auth0,58937,https://github.com/auth0
termux,58872,https://github.com/termux
koajs,58784,https://github.com/koajs
traefik,58763,https://github.com/traefik
mdn,58672,https://github.com/mdn
influxdata,58206,https://github.com/influxdata
scikit-learn,58181,https://github.com/scikit-learn
HubSpot,58110,https://github.com/HubSpot
segmentio,58064,https://github.com/segmentio
dropbox,57652,https://github.com/dropbox
allenai,57071,https://github.com/allenai
aquasecurity,57026,https://github.com/aquasecurity
kodecocodes,55744,https://github.com/kodecocodes
LSPosed,54848,https://github.com/LSPosed
localstack,54673,https://github.com/localstack
frappe,54522,https://github.com/frappe
NationalSecurityAgency,53975,https://github.com/NationalSecurityAgency
mobxjs,53712,https://github.com/mobxjs
angular-ui,53576,https://github.com/angular-ui
git,52927,https://github.com/git
x64dbg,52722,https://github.com/x64dbg
marmelab,52698,https://github.com/marmelab
trailofbits,52635,https://github.com/trailofbits
JuliaLang,52521,https://github.com/JuliaLang
basecamp,52419,https://github.com/basecamp
eclipse,52414,https://github.com/eclipse
helm,52328,https://github.com/helm
mastodon,52127,https://github.com/mastodon
youzan,51882,https://github.com/youzan
WordPress,51759,https://github.com/WordPress
discourse,51515,https://github.com/discourse
yahoo,51473,https://github.com/yahoo
ecomfe,51240,https://github.com/ecomfe
dwyl,51050,https://github.com/dwyl
gorilla,50803,https://github.com/gorilla
pixijs,50751,https://github.com/pixijs
openresty,50697,https://github.com/openresty
realpython,50688,https://github.com/realpython
v2ray,50523,https://github.com/v2ray
adobe-fonts,50454,https://github.com/adobe-fonts
meteor,50302,https://github.com/meteor
nccgroup,50088,https://github.com/nccgroup
infinitered,49847,https://github.com/infinitered
npm,49804,https://github.com/npm
hasura,49661,https://github.com/hasura
yarnpkg,49542,https://github.com/yarnpkg
tldr-pages,49503,https://github.com/tldr-pages
Leaflet,49495,https://github.com/Leaflet
nektos,49412,https://github.com/nektos
videojs,49224,https://github.com/videojs
jupyter,49206,https://github.com/jupyter
facebookincubator,48892,https://github.com/facebookincubator
webtorrent,48615,https://github.com/webtorrent
DefinitelyTyped,48539,https://github.com/DefinitelyTyped
RocketChat,48428,https://github.com/RocketChat
rapid7,47451,https://github.com/rapid7
composer,47446,https://github.com/composer
pyenv,47389,https://github.com/pyenv
confluentinc,47205,https://github.com/confluentinc
openstack,46798,https://github.com/openstack
palantir,46388,https://github.com/palantir
twitter-archive,46302,https://github.com/twitter-archive
hapijs,46205,https://github.com/hapijs
nasa,46186,https://github.com/nasa
wix,45985,https://github.com/wix
fex-team,45898,https://github.com/fex-team
KDE,45824,https://github.com/KDE
Alamofire,45658,https://github.com/Alamofire
digitalocean,45444,https://github.com/digitalocean
ory,44962,https://github.com/ory
gogs,44935,https://github.com/gogs
servo,44863,https://github.com/servo
xitu,44730,https://github.com/xitu
WebAssembly,44505,https://github.com/WebAssembly
mandiant,44467,https://github.com/mandiant
fastlane,44449,https://github.com/fastlane
hexojs,44411,https://github.com/hexojs
raspberrypi,44182,https://github.com/raspberrypi
php,44006,https://github.com/php
nytimes,43845,https://github.com/nytimes
bazelbuild,43269,https://github.com/bazelbuild
id-Software,43158,https://github.com/id-Software
ClickHouse,43143,https://github.com/ClickHouse
httpie,43129,https://github.com/httpie
atlassian,42774,https://github.com/atlassian
iview,42761,https://github.com/iview
FFmpeg,42457,https://github.com/FFmpeg
lewagon,42071,https://github.com/lewagon
sequelize,42053,https://github.com/sequelize
ruby,41993,https://github.com/ruby
pandas-dev,41968,https://github.com/pandas-dev
go-gitea,41774,https://github.com/go-gitea
Qihoo360,41636,https://github.com/Qihoo360
nwjs,41571,https://github.com/nwjs
aspnet,41505,https://github.com/aspnet
Yelp,41499,https://github.com/Yelp
metafizzy,41460,https://github.com/metafizzy
isocpp,41401,https://github.com/isocpp
ray-project,41384,https://github.com/ray-project
istio,41261,https://github.com/istio
yeoman,41256,https://github.com/yeoman
dgraph-io,41255,https://github.com/dgraph-io
SeleniumHQ,41251,https://github.com/SeleniumHQ
quilljs,41127,https://github.com/quilljs
futurice,41046,https://github.com/futurice
guzzle,41019,https://github.com/guzzle
huginn,40949,https://github.com/huginn
kriasoft,40845,https://github.com/kriasoft
AdguardTeam,40576,https://github.com/AdguardTeam
heroku,40386,https://github.com/heroku
NixOS,40359,https://github.com/NixOS
jitsi,40352,https://github.com/jitsi
go-gorm,40234,https://github.com/go-gorm
linuxserver,40219,https://github.com/linuxserver
powerline,39810,https://github.com/powerline
rubocop,39461,https://github.com/rubocop
gulpjs,39370,https://github.com/gulpjs
sourcegraph,39358,https://github.com/sourcegraph
clojure,39329,https://github.com/clojure
cockroachdb,39299,https://github.com/cockroachdb
getlantern,39265,https://github.com/getlantern
SimplifyJobs,39161,https://github.com/SimplifyJobs
parse-community,39046,https://github.com/parse-community
tastejs,39034,https://github.com/tastejs
Consensys,39018,https://github.com/Consensys
AFNetworking,39017,https://github.com/AFNetworking
spring-attic,38595,https://github.com/spring-attic
SheetJS,38291,https://github.com/SheetJS
layui,38102,https://github.com/layui
vim,38000,https://github.com/vim
algolia,37990,https://github.com/algolia
rethinkdb,37866,https://github.com/rethinkdb
odoo,37820,https://github.com/odoo
SnapKit,37788,https://github.com/SnapKit
zalando,37647,https://github.com/zalando
filamentgroup,37534,https://github.com/filamentgroup
exacity,37513,https://github.com/exacity
impress,37492,https://github.com/impress
docker-library,37347,https://github.com/docker-library
metabase,37331,https://github.com/metabase
gofiber,37157,https://github.com/gofiber
bitwarden,36858,https://github.com/bitwarden
hyperledger,36774,https://github.com/hyperledger
mitmproxy,36763,https://github.com/mitmproxy
FreeCodeCampChina,36756,https://github.com/FreeCodeCampChina
tmux-plugins,36595,https://github.com/tmux-plugins
beego,36549,https://github.com/beego
xamarin,36365,https://github.com/xamarin
bumptech,36361,https://github.com/bumptech
QSCTech,36348,https://github.com/QSCTech
rabbitmq,36320,https://github.com/rabbitmq
rollup,36296,https://github.com/rollup
googlecreativelab,36195,https://github.com/googlecreativelab
cli,36131,https://github.com/cli
nats-io,36043,https://github.com/nats-io
GitbookIO,35933,https://github.com/GitbookIO
open-guides,35837,https://github.com/open-guides
standard,35470,https://github.com/standard
sass,35420,https://github.com/sass
aliyun,35405,https://github.com/aliyun
stanfordnlp,35359,https://github.com/stanfordnlp
mybatis,35325,https://github.com/mybatis
lapce,35281,https://github.com/lapce
Polymer,35142,https://github.com/Polymer
brave,34974,https://github.com/brave
h2oai,34820,https://github.com/h2oai
naver,34811,https://github.com/naver
pinterest,34805,https://github.com/pinterest
codepath,34751,https://github.com/codepath
matplotlib,34744,https://github.com/matplotlib
WICG,34623,https://github.com/WICG
BVLC,34187,https://github.com/BVLC
AlloyTeam,34176,https://github.com/AlloyTeam
googlesamples,33952,https://github.com/googlesamples
quantopian,33893,https://github.com/quantopian
date-fns,33750,https://github.com/date-fns
xmartlabs,33654,https://github.com/xmartlabs
netty,33631,https://github.com/netty
swc-project,33499,https://github.com/swc-project
naptha,33460,https://github.com/naptha
aria2,33328,https://github.com/aria2
PHPOffice,33270,https://github.com/PHPOffice
yiisoft,33248,https://github.com/yiisoft
codemirror,33076,https://github.com/codemirror
cookiecutter,32958,https://github.com/cookiecutter
stripe,32945,https://github.com/stripe
phoenixframework,32859,https://github.com/phoenixframework
cncf,32784,https://github.com/cncf
processing,32733,https://github.com/processing
XX-net,32687,https://github.com/XX-net
matrix-org,32682,https://github.com/matrix-org
tmux,32672,https://github.com/tmux
openshift,32619,https://github.com/openshift
CMU-Perceptual-Comput...,32613,https://github.com/CMU-Perceptual-Computing-Lab
NativeScript,32439,https://github.com/NativeScript
ziglang,32431,https://github.com/ziglang
appium,32412,https://github.com/appium
paritytech,32411,https://github.com/paritytech
mono,32405,https://github.com/mono
zeromq,32362,https://github.com/zeromq
slackhq,32311,https://github.com/slackhq
kivy,32303,https://github.com/kivy
zxing,32139,https://github.com/zxing
request,32119,https://github.com/request
phpDocumentor,32088,https://github.com/phpDocumentor
icsharpcode,32013,https://github.com/icsharpcode
usablica,31979,https://github.com/usablica
emberjs,31939,https://github.com/emberjs
dart-lang,31894,https://github.com/dart-lang
balderdashy,31882,https://github.com/balderdashy
DataDog,31827,https://github.com/DataDog
jhipster,31826,https://github.com/jhipster
react-boilerplate,31711,https://github.com/react-boilerplate
conventional-changelog,31630,https://github.com/conventional-changelog
labstack,31564,https://github.com/labstack
browserify,31492,https://github.com/browserify
envoyproxy,31457,https://github.com/envoyproxy
aio-libs,31393,https://github.com/aio-libs
trustedsec,31350,https://github.com/trustedsec
vapor,31192,https://github.com/vapor
nylas,31160,https://github.com/nylas
geekcompany,31026,https://github.com/geekcompany
celery,31017,https://github.com/celery
GetStream,30958,https://github.com/GetStream
certbot,30940,https://github.com/certbot
sqlmapproject,30811,https://github.com/sqlmapproject
invertase,30731,https://github.com/invertase
cocos2d,30726,https://github.com/cocos2d
containerd,30431,https://github.com/containerd
ethz-asl,30364,https://github.com/ethz-asl
pytest-dev,30204,https://github.com/pytest-dev
balena-io,30187,https://github.com/balena-io
electronicarts,30137,https://github.com/electronicarts
CocoaPods,30053,https://github.com/CocoaPods
dokku,30035,https://github.com/dokku
eggjs,29954,https://github.com/eggjs
openwrt,29929,https://github.com/openwrt
databricks,29908,https://github.com/databricks
postmanlabs,29907,https://github.com/postmanlabs
ajaxorg,29864,https://github.com/ajaxorg
learn-anything,29858,https://github.com/learn-anything
libgdx,29802,https://github.com/libgdx
Esri,29612,https://github.com/Esri
gruntjs,29425,https://github.com/gruntjs
elsewhencode,29360,https://github.com/elsewhencode
primer,29328,https://github.com/primer
XiaoMi,29278,https://github.com/XiaoMi
arduino,29184,https://github.com/arduino
spring-cloud,29178,https://github.com/spring-cloud
ReactiveCocoa,29145,https://github.com/ReactiveCocoa
eslint,29124,https://github.com/eslint
antlr,29087,https://github.com/antlr
BishopFox,28970,https://github.com/BishopFox
OAI,28931,https://github.com/OAI
bbc,28916,https://github.com/bbc
redox-os,28908,https://github.com/redox-os
AI4Finance-Foundation,28789,https://github.com/AI4Finance-Foundation
llvm,28777,https://github.com/llvm
parallax,28741,https://github.com/parallax
PyCQA,28586,https://github.com/PyCQA
gchq,28544,https://github.com/gchq
transloadit,28516,https://github.com/transloadit
instillai,28392,https://github.com/instillai
TypeStrong,28392,https://github.com/TypeStrong
qbittorrent,28341,https://github.com/qbittorrent
AvaloniaUI,28303,https://github.com/AvaloniaUI
codex-team,28292,https://github.com/codex-team
boostorg,28252,https://github.com/boostorg
bloomberg,28240,https://github.com/bloomberg
nsqio,28127,https://github.com/nsqio
ShareX,28023,https://github.com/ShareX
coreos,27972,https://github.com/coreos
OfficeDev,27870,https://github.com/OfficeDev
http-party,27829,https://github.com/http-party
gitlabhq,27770,https://github.com/gitlabhq
cheeriojs,27766,https://github.com/cheeriojs
typelevel,27757,https://github.com/typelevel
ossrs,27709,https://github.com/ossrs
numpy,27702,https://github.com/numpy
scala,27674,https://github.com/scala
mozilla-mobile,27661,https://github.com/mozilla-mobile
aseprite,27637,https://github.com/aseprite
tqdm,27625,https://github.com/tqdm
BabylonJS,27618,https://github.com/BabylonJS
jupyterlab,27601,https://github.com/jupyterlab
chromium,27441,https://github.com/chromium
Experience-Monks,27401,https://github.com/Experience-Monks
tikv,27212,https://github.com/tikv
surrealdb,27067,https://github.com/surrealdb
primefaces,27037,https://github.com/primefaces
sensepost,26970,https://github.com/sensepost
nginx,26919,https://github.com/nginx
elixir-lang,26898,https://github.com/elixir-lang
thx,26830,https://github.com/thx
outline,26817,https://github.com/outline
react-component,26740,https://github.com/react-component
select2,26717,https://github.com/select2
dbcli,26685,https://github.com/dbcli
weaveworks,26564,https://github.com/weaveworks
go-kit,26553,https://github.com/go-kit
seemoo-lab,26540,https://github.com/seemoo-lab
roots,26482,https://github.com/roots
mpv-player,26459,https://github.com/mpv-player
matomo-org,26421,https://github.com/matomo-org
paypal,26374,https://github.com/paypal
Modernizr,26372,https://github.com/Modernizr
yandex,26359,https://github.com/yandex
fluent,26159,https://github.com/fluent
iovisor,26142,https://github.com/iovisor
vueuse,26022,https://github.com/vueuse
i18next,26020,https://github.com/i18next
Flipboard,25984,https://github.com/Flipboard
knownsec,25952,https://github.com/knownsec
keycloak,25886,https://github.com/keycloak
deezer,25769,https://github.com/deezer
gradle,25769,https://github.com/gradle
directus,25732,https://github.com/directus
wechaty,25726,https://github.com/wechaty
stretchr,25646,https://github.com/stretchr
hyperium,25623,https://github.com/hyperium
react-bootstrap,25613,https://github.com/react-bootstrap
cmderdev,25537,https://github.com/cmderdev
ramda,25526,https://github.com/ramda
getredash,25473,https://github.com/getredash
zendesk,25426,https://github.com/zendesk
keystonejs,25389,https://github.com/keystonejs
chaitin,25346,https://github.com/chaitin
paragonie,25319,https://github.com/paragonie
jumpserver,25293,https://github.com/jumpserver
restic,25290,https://github.com/restic
uNetworking,25270,https://github.com/uNetworking
scylladb,25215,https://github.com/scylladb
zulip,25152,https://github.com/zulip
remarkjs,25129,https://github.com/remarkjs
visionmedia,25075,https://github.com/visionmedia
railsware,25064,https://github.com/railsware
radareorg,25044,https://github.com/radareorg
scrapinghub,24983,https://github.com/scrapinghub
datasciencemasters,24924,https://github.com/datasciencemasters
python-telegram-bot,24881,https://github.com/python-telegram-bot
facebookexperimental,24861,https://github.com/facebookexperimental
hammerjs,24847,https://github.com/hammerjs
ScoopInstaller,24770,https://github.com/ScoopInstaller
uber-archive,24750,https://github.com/uber-archive
MostlyAdequate,24626,https://github.com/MostlyAdequate
hashcat,24623,https://github.com/hashcat
go-kratos,24547,https://github.com/go-kratos
telegramdesktop,24508,https://github.com/telegramdesktop
localForage,24421,https://github.com/localForage
fish-shell,24418,https://github.com/fish-shell
matterport,24417,https://github.com/matterport
segment-boneyard,24364,https://github.com/segment-boneyard
vega,24351,https://github.com/vega
discord,24277,https://github.com/discord
openssl,24275,https://github.com/openssl
pugjs,24184,https://github.com/pugjs
hybridgroup,24112,https://github.com/hybridgroup
plasma-umass,24073,https://github.com/plasma-umass
saleor,24048,https://github.com/saleor
Wox-launcher,24044,https://github.com/Wox-launcher
harvesthq,24032,https://github.com/harvesthq
ampproject,24015,https://github.com/ampproject
winstonjs,24007,https://github.com/winstonjs
hyperoslo,23917,https://github.com/hyperoslo
badges,23885,https://github.com/badges
handsontable,23816,https://github.com/handsontable
VundleVim,23788,https://github.com/VundleVim
gravitational,23757,https://github.com/gravitational
SwiftyJSON,23754,https://github.com/SwiftyJSON
swoole,23711,https://github.com/swoole
libp2p,23618,https://github.com/libp2p
aosp-mirror,23516,https://github.com/aosp-mirror
taosdata,23497,https://github.com/taosdata
locustio,23484,https://github.com/locustio
ropensci,23444,https://github.com/ropensci
highlightjs,23442,https://github.com/highlightjs
redux-saga,23416,https://github.com/redux-saga
NVIDIAGameWorks,23366,https://github.com/NVIDIAGameWorks
fullcalendar,23335,https://github.com/fullcalendar
MetaMask,23322,https://github.com/MetaMask
chalk,23295,https://github.com/chalk
websockets,23227,https://github.com/websockets
libuv,23220,https://github.com/libuv
notepad-plus-plus,23162,https://github.com/notepad-plus-plus
src-d,23058,https://github.com/src-d
CodeHubApp,22986,https://github.com/CodeHubApp
framer,22949,https://github.com/framer
gfwlist,22935,https://github.com/gfwlist
vmware,22871,https://github.com/vmware
Xilinx,22858,https://github.com/Xilinx
shimohq,22798,https://github.com/shimohq
SwiftGGTeam,22778,https://github.com/SwiftGGTeam
xyflow,22776,https://github.com/xyflow
froala,22757,https://github.com/froala
FasterXML,22712,https://github.com/FasterXML
cucumber,22700,https://github.com/cucumber
VerbalExpressions,22700,https://github.com/VerbalExpressions
semantic-release,22664,https://github.com/semantic-release
recharts,22664,https://github.com/recharts
gliderlabs,22643,https://github.com/gliderlabs
mochajs,22628,https://github.com/mochajs
Reactive-Extensions,22563,https://github.com/Reactive-Extensions
bitcoinbook,22532,https://github.com/bitcoinbook
Masterminds,22495,https://github.com/Masterminds
OptimalBits,22488,https://github.com/OptimalBits
svg,22477,https://github.com/svg
PostgREST,22473,https://github.com/PostgREST
mit-pdos,22458,https://github.com/mit-pdos
ipython,22352,https://github.com/ipython
SonarSource,22349,https://github.com/SonarSource
micropython,22323,https://github.com/micropython
openzipkin,22293,https://github.com/openzipkin
avajs,22281,https://github.com/avajs
BoostIO,22278,https://github.com/BoostIO
heyxyz,22225,https://github.com/heyxyz
lichess-org,22210,https://github.com/lichess-org
node-red,22180,https://github.com/node-red
SecWiki,22159,https://github.com/SecWiki
shieldfy,22085,https://github.com/shieldfy
Hacker0x01,22072,https://github.com/Hacker0x01
nodemailer,22071,https://github.com/nodemailer
strongloop,22057,https://github.com/strongloop
libretro,22014,https://github.com/libretro
osquery,22013,https://github.com/osquery
etsy,21981,https://github.com/etsy
awsdocs,21894,https://github.com/awsdocs
requirejs,21887,https://github.com/requirejs
phusion,21876,https://github.com/phusion
reactnativecn,21862,https://github.com/reactnativecn
ceph,21840,https://github.com/ceph
woocommerce,21795,https://github.com/woocommerce
megvii-research,21735,https://github.com/megvii-research
NetEase,21695,https://github.com/NetEase
haskell,21683,https://github.com/haskell
ntop,21661,https://github.com/ntop
GNOME,21655,https://github.com/GNOME
netlify,21653,https://github.com/netlify
liriliri,21624,https://github.com/liriliri
js-cookie,21609,https://github.com/js-cookie
nim-lang,21609,https://github.com/nim-lang
MetaCubeX,21590,https://github.com/MetaCubeX
ftlabs,21585,https://github.com/ftlabs
exercism,21523,https://github.com/exercism
crystal-lang,21515,https://github.com/crystal-lang
loklak,21509,https://github.com/loklak
tornadoweb,21477,https://github.com/tornadoweb
SAP,21403,https://github.com/SAP
exyte,21377,https://github.com/exyte
flarum,21348,https://github.com/flarum
FrontendMasters,21346,https://github.com/FrontendMasters
css-modules,21341,https://github.com/css-modules
CyanogenMod,21310,https://github.com/CyanogenMod
reactiveui,21309,https://github.com/reactiveui
Instagram,21304,https://github.com/Instagram
gfx-rs,21262,https://github.com/gfx-rs
seaweedfs,21242,https://github.com/seaweedfs
cesanta,21185,https://github.com/cesanta
rbenv,21172,https://github.com/rbenv
git-tips,21132,https://github.com/git-tips
FallibleInc,21013,https://github.com/FallibleInc
element-hq,20999,https://github.com/element-hq
libgit2,20976,https://github.com/libgit2
toptal,20966,https://github.com/toptal
jsdom,20955,https://github.com/jsdom
xbmc,20952,https://github.com/xbmc
octokit,20770,https://github.com/octokit
RxSwiftCommunity,20726,https://github.com/RxSwiftCommunity
fsprojects,20666,https://github.com/fsprojects
MagicStack,20633,https://github.com/MagicStack
AliyunContainerService,20628,https://github.com/AliyunContainerService
nteract,20588,https://github.com/nteract
amfe,20582,https://github.com/amfe
localtunnel,20509,https://github.com/localtunnel
PHPMailer,20499,https://github.com/PHPMailer
playframework,20475,https://github.com/playframework
fbsamples,20461,https://github.com/fbsamples
opencontainers,20414,https://github.com/opencontainers
EnterpriseQualityCoding,20374,https://github.com/EnterpriseQualityCoding
KnpLabs,20358,https://github.com/KnpLabs
zendframework,20339,https://github.com/zendframework
akka,20330,https://github.com/akka
android-cn,20267,https://github.com/android-cn
sqlitebrowser,20266,https://github.com/sqlitebrowser
webrtc,20260,https://github.com/webrtc
bokeh,20250,https://github.com/bokeh
adonisjs,20222,https://github.com/adonisjs
CreateJS,20189,https://github.com/CreateJS
asciinema,20161,https://github.com/asciinema
forkingdog,20105,https://github.com/forkingdog
wikimedia,20034,https://github.com/wikimedia
twilio,19990,https://github.com/twilio
desktop,19965,https://github.com/desktop
mailgun,19941,https://github.com/mailgun
TeamStuQ,19917,https://github.com/TeamStuQ
lingochamp,19909,https://github.com/lingochamp
go-playground,19901,https://github.com/go-playground
zhihu,19894,https://github.com/zhihu
fivethirtyeight,19854,https://github.com/fivethirtyeight
uzh-rpg,19848,https://github.com/uzh-rpg
line,19803,https://github.com/line
aframevr,19794,https://github.com/aframevr
Popmotion,19758,https://github.com/Popmotion
StackExchange,19712,https://github.com/StackExchange
99designs,19707,https://github.com/99designs
dolthub,19639,https://github.com/dolthub
UKPLab,19588,https://github.com/UKPLab
sbt,19574,https://github.com/sbt
kubesphere,19573,https://github.com/kubesphere
jupyterhub,19571,https://github.com/jupyterhub
puppetlabs,19571,https://github.com/puppetlabs
vim-airline,19551,https://github.com/vim-airline
dianping,19543,https://github.com/dianping
FreeCAD,19489,https://github.com/FreeCAD
frida,19466,https://github.com/frida
googlefonts,19462,https://github.com/googlefonts
wulkano,19455,https://github.com/wulkano
Khan,19450,https://github.com/Khan
less,19449,https://github.com/less
videolan,19424,https://github.com/videolan
googlemaps,19408,https://github.com/googlemaps
toml-lang,19339,https://github.com/toml-lang
wekan,19327,https://github.com/wekan
ARM-software,19295,https://github.com/ARM-software
fmtlib,19266,https://github.com/fmtlib
cakephp,19252,https://github.com/cakephp
rime,19237,https://github.com/rime
neo4j,19215,https://github.com/neo4j
knex,19175,https://github.com/knex
wechat-miniprogram,19156,https://github.com/wechat-miniprogram
mkdocs,19152,https://github.com/mkdocs
lbryio,19122,https://github.com/lbryio
eBay,19092,https://github.com/eBay
avast,19082,https://github.com/avast
markdown-it,19077,https://github.com/markdown-it
mojs,19053,https://github.com/mojs
esp8266,19041,https://github.com/esp8266
phonegap,19023,https://github.com/phonegap
lyft,18931,https://github.com/lyft
bcit-ci,18916,https://github.com/bcit-ci
uikit,18885,https://github.com/uikit
appbaseio,18822,https://github.com/appbaseio
ppy,18812,https://github.com/ppy
huawei-noah,18779,https://github.com/huawei-noah
greensock,18771,https://github.com/greensock
nfl,18724,https://github.com/nfl
owncloud,18713,https://github.com/owncloud
cisco,18638,https://github.com/cisco
chef,18627,https://github.com/chef
testcontainers,18599,https://github.com/testcontainers
citusdata,18571,https://github.com/citusdata
pld-linux,18565,https://github.com/pld-linux
DevExpress,18559,https://github.com/DevExpress
mysqljs,18519,https://github.com/mysqljs
graphql-python,18491,https://github.com/graphql-python
wso2,18434,https://github.com/wso2
MarlinFirmware,18304,https://github.com/MarlinFirmware
yandexdataschool,18303,https://github.com/yandexdataschool
allegro,18263,https://github.com/allegro
interagent,18252,https://github.com/interagent
pre-commit,18206,https://github.com/pre-commit
slackapi,18144,https://github.com/slackapi
jasmine,18135,https://github.com/jasmine
pouchdb,18106,https://github.com/pouchdb
mockito,18096,https://github.com/mockito
travis-ci,18072,https://github.com/travis-ci
nodeca,18067,https://github.com/nodeca
OpenVPN,18065,https://github.com/OpenVPN
textmate,18046,https://github.com/textmate
MicrosoftLearning,18039,https://github.com/MicrosoftLearning
nette,18035,https://github.com/nette
sparkfun,17971,https://github.com/sparkfun
mjmlio,17942,https://github.com/mjmlio
tinymce,17931,https://github.com/tinymce
collectiveidea,17890,https://github.com/collectiveidea
guardian,17851,https://github.com/guardian
msgpack,17838,https://github.com/msgpack
stripe-archive,17824,https://github.com/stripe-archive
dropzone,17810,https://github.com/dropzone
opendilab,17802,https://github.com/opendilab
open-policy-agent,17742,https://github.com/open-policy-agent
ether,17680,https://github.com/ether
duckdb,17665,https://github.com/duckdb
openstf,17656,https://github.com/openstf
aurelia,17647,https://github.com/aurelia
FriendsOfPHP,17647,https://github.com/FriendsOfPHP
source-foundry,17642,https://github.com/source-foundry
LMAX-Exchange,17641,https://github.com/LMAX-Exchange
nginxinc,17577,https://github.com/nginxinc
statsd,17524,https://github.com/statsd
commitizen,17523,https://github.com/commitizen
containrrr,17520,https://github.com/containrrr
phpstan,17516,https://github.com/phpstan
hackclub,17458,https://github.com/hackclub
tencentyun,17454,https://github.com/tencentyun
corkami,17416,https://github.com/corkami
IntelLabs,17409,https://github.com/IntelLabs
dutchcoders,17401,https://github.com/dutchcoders
konvajs,17383,https://github.com/konvajs
designmodo,17367,https://github.com/designmodo
intuit,17353,https://github.com/intuit
SublimeText,17333,https://github.com/SublimeText
seatgeek,17325,https://github.com/seatgeek
magento,17290,https://github.com/magento
getgrav,17241,https://github.com/getgrav
Grasscutters,17188,https://github.com/Grasscutters
mysql,17171,https://github.com/mysql
ckeditor,17146,https://github.com/ckeditor
so-fancy,17124,https://github.com/so-fancy
arangodb,17057,https://github.com/arangodb
SimpleMobileTools,17050,https://github.com/SimpleMobileTools
boto,17036,https://github.com/boto
guardianproject,17030,https://github.com/guardianproject
workshopper,16974,https://github.com/workshopper
phacility,16930,https://github.com/phacility
hubotio,16894,https://github.com/hubotio
uutils,16893,https://github.com/uutils
apiaryio,16893,https://github.com/apiaryio
amzn,16871,https://github.com/amzn
reactphp,16871,https://github.com/reactphp
karma-runner,16833,https://github.com/karma-runner
moonlight-stream,16827,https://github.com/moonlight-stream
grab,16814,https://github.com/grab
cloudfoundry,16807,https://github.com/cloudfoundry
systemd,16801,https://github.com/systemd
CopyTranslator,16795,https://github.com/CopyTranslator
NLPchina,16770,https://github.com/NLPchina
capistrano,16760,https://github.com/capistrano
kickstarter,16742,https://github.com/kickstarter
Kitware,16720,https://github.com/Kitware
automl,16717,https://github.com/automl
prestodb,16716,https://github.com/prestodb
whatwg,16707,https://github.com/whatwg
infernojs,16704,https://github.com/infernojs
feathersjs,16686,https://github.com/feathersjs
zerotier,16665,https://github.com/zerotier
LianjiaTech,16643,https://github.com/LianjiaTech
phalcon,16604,https://github.com/phalcon
dropwizard,16594,https://github.com/dropwizard
bettercap,16564,https://github.com/bettercap
OpenEmu,16503,https://github.com/OpenEmu
top-think,16473,https://github.com/top-think
adobe-webplatform,16471,https://github.com/adobe-webplatform
keybase,16427,https://github.com/keybase
PaperMC,16388,https://github.com/PaperMC
xtermjs,16373,https://github.com/xtermjs
ardanlabs,16368,https://github.com/ardanlabs
limetext,16322,https://github.com/limetext
PerfectlySoft,16285,https://github.com/PerfectlySoft
laracasts,16235,https://github.com/laracasts
qiniu,16215,https://github.com/qiniu
codecentric,16205,https://github.com/codecentric
senchalabs,16195,https://github.com/senchalabs
yabwe,16184,https://github.com/yabwe
riot,16178,https://github.com/riot
junit-team,16167,https://github.com/junit-team
PistonDevelopers,16152,https://github.com/PistonDevelopers
oxford-cs-deepnlp-2017,16134,https://github.com/oxford-cs-deepnlp-2017
cmusatyalab,16133,https://github.com/cmusatyalab
pillarjs,16075,https://github.com/pillarjs
koreader,16069,https://github.com/koreader
bitpay,16065,https://github.com/bitpay
peers,16041,https://github.com/peers
anchore,16034,https://github.com/anchore
pagekit,16028,https://github.com/pagekit
haiwen,15990,https://github.com/haiwen
basho,15984,https://github.com/basho
linuxmint,15895,https://github.com/linuxmint
CosmicMind,15851,https://github.com/CosmicMind
googleworkspace,15844,https://github.com/googleworkspace
saltstack,15839,https://github.com/saltstack
ffffffff0x,15832,https://github.com/ffffffff0x
apex,15807,https://github.com/apex
shelljs,15788,https://github.com/shelljs
OCA,15784,https://github.com/OCA
bower,15770,https://github.com/bower
IdentityServer,15754,https://github.com/IdentityServer
braziljs,15719,https://github.com/braziljs
polybar,15708,https://github.com/polybar
fashiontec,15707,https://github.com/fashiontec
Kozea,15700,https://github.com/Kozea
vuejs-templates,15680,https://github.com/vuejs-templates
getpelican,15677,https://github.com/getpelican
amfoss,15633,https://github.com/amfoss
sinatra,15587,https://github.com/sinatra
Carthage,15546,https://github.com/Carthage
artsy,15491,https://github.com/artsy
EsotericSoftware,15487,https://github.com/EsotericSoftware
MiCode,15485,https://github.com/MiCode
mutualmobile,15468,https://github.com/mutualmobile
slimphp,15448,https://github.com/slimphp
highcharts,15442,https://github.com/highcharts
bpmn-io,15409,https://github.com/bpmn-io
wireapp,15406,https://github.com/wireapp
HandBrake,15363,https://github.com/HandBrake
eclipse-vertx,15361,https://github.com/eclipse-vertx
foreversd,15339,https://github.com/foreversd
IFTTT,15318,https://github.com/IFTTT
OpenRA,15317,https://github.com/OpenRA
cosmos,15310,https://github.com/cosmos
duckduckgo,15291,https://github.com/duckduckgo
xiph,15273,https://github.com/xiph
phar-io,15261,https://github.com/phar-io
brix,15251,https://github.com/brix
douban,15187,https://github.com/douban
aspnetboilerplate,15168,https://github.com/aspnetboilerplate
postlight,15157,https://github.com/postlight
probml,15154,https://github.com/probml
NUKnightLab,15091,https://github.com/NUKnightLab
waditu,15088,https://github.com/waditu
zaproxy,15082,https://github.com/zaproxy
ngrx,15060,https://github.com/ngrx
Moya,15060,https://github.com/Moya
TheOdinProject,15014,https://github.com/TheOdinProject
mamoe,15013,https://github.com/mamoe
MaterialDesignInXAML,15008,https://github.com/MaterialDesignInXAML
sogou,14984,https://github.com/sogou
RunaCapital,14979,https://github.com/RunaCapital
MycroftAI,14972,https://github.com/MycroftAI
dogecoin,14968,https://github.com/dogecoin
CoatiSoftware,14940,https://github.com/CoatiSoftware
Intervention,14938,https://github.com/Intervention
nltk,14932,https://github.com/nltk
tighten,14932,https://github.com/tighten
ONLYOFFICE,14928,https://github.com/ONLYOFFICE
bytedeco,14915,https://github.com/bytedeco
torch,14913,https://github.com/torch
cloudposse,14909,https://github.com/cloudposse
input-output-hk,14897,https://github.com/input-output-hk
bitly,14871,https://github.com/bitly
Quick,14855,https://github.com/Quick
Cleveroad,14849,https://github.com/Cleveroad
cayleygraph,14831,https://github.com/cayleygraph
nodesource,14823,https://github.com/nodesource
jsdoc,14796,https://github.com/jsdoc
ServiceStack,14761,https://github.com/ServiceStack
AudioKit,14737,https://github.com/AudioKit
fabric,14732,https://github.com/fabric
leanote,14690,https://github.com/leanote
ranger,14687,https://github.com/ranger
NodeBB,14614,https://github.com/NodeBB
readthedocs,14599,https://github.com/readthedocs
alicevision,14526,https://github.com/alicevision
reactos,14512,https://github.com/reactos
java-decompiler,14511,https://github.com/java-decompiler
postgres,14483,https://github.com/postgres
edgedb,14477,https://github.com/edgedb
ajv-validator,14477,https://github.com/ajv-validator
spring-guides,14472,https://github.com/spring-guides
scotch-io,14439,https://github.com/scotch-io
reactor,14433,https://github.com/reactor
honojs,14427,https://github.com/honojs
apereo,14427,https://github.com/apereo
tachyons-css,14424,https://github.com/tachyons-css
paperjs,14407,https://github.com/paperjs
RPCS3,14403,https://github.com/RPCS3
marko-js,14402,https://github.com/marko-js
networkx,14401,https://github.com/networkx
guard,14369,https://github.com/guard
venmo,14344,https://github.com/venmo
MithrilJS,14312,https://github.com/MithrilJS
keen,14297,https://github.com/keen
h2o,14272,https://github.com/h2o
swimlane,14267,https://github.com/swimlane
reactioncommerce,14266,https://github.com/reactioncommerce
docopt,14245,https://github.com/docopt
HazyResearch,14213,https://github.com/HazyResearch
codota,14175,https://github.com/codota
Tonejs,14158,https://github.com/Tonejs
spree,14158,https://github.com/spree
cachethq,14152,https://github.com/cachethq
go-sql-driver,14142,https://github.com/go-sql-driver
progit,14138,https://github.com/progit
janestreet,14121,https://github.com/janestreet
abpframework,14108,https://github.com/abpframework
boltdb,14106,https://github.com/boltdb
softwaremill,14097,https://github.com/softwaremill
vimeo,14072,https://github.com/vimeo
Bash-it,14024,https://github.com/Bash-it
18F,14019,https://github.com/18F
MyCATApache,14019,https://github.com/MyCATApache
coinbase,13995,https://github.com/coinbase
BrowserSync,13991,https://github.com/BrowserSync
showdownjs,13985,https://github.com/showdownjs
Orange-OpenSource,13976,https://github.com/Orange-OpenSource
wkhtmltopdf,13968,https://github.com/wkhtmltopdf
oh-my-fish,13957,https://github.com/oh-my-fish
thu-ml,13953,https://github.com/thu-ml
ocaml,13905,https://github.com/ocaml
pili-engineering,13895,https://github.com/pili-engineering
sony,13893,https://github.com/sony
openlayers,13838,https://github.com/openlayers
node-inspector,13822,https://github.com/node-inspector
erlang,13813,https://github.com/erlang
gskinnerTeam,13807,https://github.com/gskinnerTeam
HabitRPG,13776,https://github.com/HabitRPG
webview,13734,https://github.com/webview
gollum,13722,https://github.com/gollum
10up,13682,https://github.com/10up
beetbox,13680,https://github.com/beetbox